ax_mean,ay_mean,az_mean,standard_deviation_x,standard_deviation_y,standard_deviation_z,overall_dynamic_body,vectorial_dynamic_body,quan_01_x,quan_01_y,quan_01_z,quan_025_x,quan_025_y,quan_025_z,quan_05_x,quan_05_y,quan_05_z,quan_075_x,quan_075_y,quan_075_z,quan_09_x,quan_09_y,quan_09_z,skewness_x,skewness_y,skewness_z,kurtosis_x,kurtosis_y,kurtosis_z,sum_quantiles_min_01_x,sum_quantiles_min_01_y,sum_quantiles_min_01_z,sum_quantiles_min_squares_01_x,sum_quantiles_min_squares_01_y,sum_quantiles_min_squares_01_z,sum_quantiles_max_01_x,sum_quantiles_max_01_y,sum_quantiles_max_01_z,sum_quantiles_max_squares_01_x,sum_quantiles_max_squares_01_y,sum_quantiles_max_squares_01_z,sum_quantiles_min_05_x,sum_quantiles_min_05_y,sum_quantiles_min_05_z,sum_quantiles_min_squares_05_x,sum_quantiles_min_squares_05_y,sum_quantiles_min_squares_05_z,sum_quantiles_max_05_x,sum_quantiles_max_05_y,sum_quantiles_max_05_z,sum_quantiles_max_squares_05_x,sum_quantiles_max_squares_05_y,sum_quantiles_max_squares_05_z,sum_quantiles_min_09_x,sum_quantiles_min_09_y,sum_quantiles_min_09_z,sum_quantiles_min_squares_09_x,sum_quantiles_min_squares_09_y,sum_quantiles_min_squares_09_z,sum_quantiles_max_09_x,sum_quantiles_max_09_y,sum_quantiles_max_09_z,sum_quantiles_max_squares_09_x,sum_quantiles_max_squares_09_y,sum_quantiles_max_squares_09_z,pairwise_differences_005_01_x,pairwise_differences_005_01_y,pairwise_differences_005_01_z,pairwise_differences_01_025_x,pairwise_differences_01_025_y,pairwise_differences_01_025_z,pairwise_differences_025_05_x,pairwise_differences_025_05_y,pairwise_differences_025_05_z,average_absolute_difference,average_intensity,signal_magnitude_area,movement_variation,entropy,energy,activity_x,activity_y,activity_z,mobility_x,mobility_y,mobility_z,complexity_x,complexity_y,complexity_z,durbin_watson_x,durbin_watson_y,durbin_watson_z,correlation_magnitude_horizontal,correlation_magnitude_vertical,correlation_horizontal_vertical,Activity,ActivityName
-426.00773333333007,846.9456888888867,272.6531911111108,50.890471396956464,48.67801351403012,104.94108046863,693.5911466666663,993.8226592597541,-488.0,788.6080000000001,132.736,-456.76800000000003,815.936,175.68,-425.536,847.168,281.08799999999997,-390.4,874.4960000000001,363.07199999999995,-363.07199999999995,905.7280000000001,409.92,-0.37885074804309704,0.04636803626593208,0.0010541780104624157,0.6733807516504071,1.1656629492989588,-1.1752056174828378,-1182435.711999994,1744533.6319999993,324844.032,533707421.85165244,1426325423.0630488,63636801.57696041,-312542.5280000006,1193675.3279999965,642934.144000002,113864518.4880642,1069386096.8570927,239760300.47436976,-1182435.711999994,1744533.6319999993,324844.032,533707421.85165244,1426325423.0630488,63636801.57696041,-312542.5280000006,1193675.3279999965,642934.144000002,113864518.4880642,1069386096.8570927,239760300.47436976,-1182435.711999994,1744533.6319999993,324844.032,533707421.85165244,1426325423.0630488,63636801.57696041,-312542.5280000006,1193675.3279999965,642934.144000002,113864518.4880642,1069386096.8570927,239760300.47436976,19.519999999999982,19.519999999999982,15.615999999999985,19.519999999999982,27.327999999999975,42.94400000000002,31.232000000000028,31.23199999999997,105.40799999999996,27.993702328999845,0.0054026782237551274,0.4251022222222222,38.90769777777766,4556.880442972449,984241902224.0122,2589.8400790044443,2369.548999672099,11012.630369923478,0.31996631807827725,0.4052472709237324,0.1603666957081853,4.133571177272616,3.3075071439273636,8.523429416053132,0.0014400317841993808,0.0005405576066135167,0.0033172995699385344,41808550116.7657,-558915829.2873455,-237687437.96001056,0,STEPING
-407.8313599999982,856.2361244444411,266.8112888888886,65.01203946332949,66.83708468343056,118.37601621105937,715.2160533333354,994.8263734835388,-491.904,780.8,105.01760000000012,-448.96,812.0319999999999,156.16,-406.01599999999996,851.072,284.992,-363.07199999999995,890.112,366.976,-327.936,940.8639999999999,413.824,-0.11233002212329192,0.44372413041805076,-0.13995253724008738,0.06931416098471521,1.0193075634633173,-1.1400887823125188,-890436.0319999959,1893849.9199999936,280705.4079999998,408492922.22054744,1553771358.6462822,51953190.2156801,-549484.0960000042,1113393.4719999984,671944.768000003,194239375.888385,1035847709.6017867,252558639.1326733,-890436.0319999959,1893849.9199999936,280705.4079999998,408492922.22054744,1553771358.6462822,51953190.2156801,-549484.0960000042,1113393.4719999984,671944.768000003,194239375.888385,1035847709.6017867,252558639.1326733,-890436.0319999959,1893849.9199999936,280705.4079999998,408492922.22054744,1553771358.6462822,51953190.2156801,-549484.0960000042,1113393.4719999984,671944.768000003,194239375.888385,1035847709.6017867,252558639.1326733,27.327999999999975,23.423999999999864,23.03360000000012,27.327999999999975,31.23199999999997,51.14239999999988,42.94400000000002,39.04000000000008,128.83200000000002,44.25237190945082,0.005408134675093987,0.44136888888888887,50.87671111111096,4724.677303858369,1002263069549.9672,4226.565275181511,4467.195888980069,14012.881214000989,0.3270522591178368,0.43048067541419704,0.17319148119751318,3.734005177660486,2.8144036049841037,7.5156127691729235,0.0026499760753981912,0.0011220090172375128,0.004931961794712544,43100886892.644424,-718185533.7410402,-273050162.6422212,0,STEPING
-422.40954666666596,834.1937066666671,291.4607111111115,126.3253908182931,105.39409489847858,133.35538856944495,703.4964622222212,999.7475687979833,-609.024,691.008,116.72960000000013,-503.616,772.992,179.584,-402.11199999999997,843.2639999999999,288.89599999999996,-335.744,901.824,390.4,-277.184,964.288,476.288,-0.500375614955091,-0.2417677526831138,0.14177425298704,-0.13701484784467466,0.13950669636705815,-0.8093395269787482,-906329.2160000001,1697182.0159999984,323032.57599999954,492918544.28569686,1320946085.7938013,66369551.605760306,-596886.4640000009,1259773.9520000026,716981.3120000024,199789495.1772172,1184037001.125886,300798520.44697684,-906329.2160000001,1697182.0159999984,323032.57599999954,492918544.28569686,1320946085.7938013,66369551.605760306,-596886.4640000009,1259773.9520000026,716981.3120000024,199789495.1772172,1184037001.125886,300798520.44697684,-906329.2160000001,1697182.0159999984,323032.57599999954,492918544.28569686,1320946085.7938013,66369551.605760306,-596886.4640000009,1259773.9520000026,716981.3120000024,199789495.1772172,1184037001.125886,300798520.44697684,47.04319999999984,42.944000000000074,26.93760000000013,47.04319999999984,81.98399999999992,62.85439999999987,101.50400000000002,70.27199999999993,109.31199999999995,51.948754337723024,0.005434887571611748,0.40992,59.17813333333295,4661.66574033156,1028092143275.9502,15958.10436539449,11107.91523946951,17783.659660507652,0.2189586807276677,0.31909380173955426,0.1493804598910652,4.8326088119039765,3.7061125221795708,7.852370605117063,0.003934749065904646,0.0015993269884671728,0.0038617055520707563,44335390415.17217,-897920612.0887886,-388907215.19556075,0,STEPING
-484.5720711111111,800.7711288888879,264.96231111111143,135.7544151337155,116.14470951408968,163.10164965866767,584.783413333333,999.7247090177037,-671.8783999999999,636.352,54.656000000000006,-585.6,733.952,124.928,-472.384,812.0319999999999,257.664,-382.592,874.4960000000001,390.4,-319.7376000000004,929.1519999999999,499.712,-0.28671785706953845,-0.44098975785512046,0.1918126707364784,-0.43846823847690386,0.3807247678806509,-0.9060609578816492,-1369062.528000001,1889715.583999999,288009.7919999991,782620011.5691571,1435506731.5814443,56097627.394048214,-356095.5520000011,962000.2559999982,657187.6480000009,121280345.5098881,894701383.9912958,289904373.5920644,-1369062.528000001,1889715.583999999,288009.7919999991,782620011.5691571,1435506731.5814443,56097627.394048214,-356095.5520000011,962000.2559999982,657187.6480000009,121280345.5098881,894701383.9912958,289904373.5920644,-1369062.528000001,1889715.583999999,288009.7919999991,782620011.5691571,1435506731.5814443,56097627.394048214,-356095.5520000011,962000.2559999982,657187.6480000009,121280345.5098881,894701383.9912958,289904373.5920644,46.45760000000007,58.56000000000006,31.232000000000006,46.45760000000007,97.60000000000002,70.27199999999999,113.21600000000001,78.07999999999993,132.736,54.75644525216693,0.005434763299905988,0.36979555555555554,62.5930488888884,3774.929991510769,1032864126677.3329,18429.261228297164,13489.593548112276,26602.148121378767,0.20879181067024186,0.29885751035991076,0.15329382019698226,4.797000648424989,3.71535338529159,7.559169123132553,0.003171633622275493,0.0018397074335910267,0.00645582622802787,45711467436.23441,-1033747530.9901452,-508615972.03429836,0,STEPING
-515.9515555555553,769.8156622222211,282.9716800000006,138.32437502989615,130.99644222762234,171.62177819297824,544.1774755555552,999.6793909729358,-702.72,585.6,50.751999999999995,-612.928,690.032,131.76,-515.328,784.704,281.08799999999997,-413.824,858.88,421.63199999999995,-331.8399999999999,917.44,523.136,-0.20172248909886403,-0.423466858997897,0.04641681464142779,-0.4466739378096771,0.0816829616863437,-1.0835546833941605,-1600421.3760000009,1990384.1279999998,222816.8960000004,940500476.0105035,1469932492.9146972,41018410.278912134,-249906.75199999972,743684.6719999993,790763.0080000018,83923667.85740785,692962537.2876798,351900107.71865773,-1600421.3760000009,1990384.1279999998,222816.8960000004,940500476.0105035,1469932492.9146972,41018410.278912134,-249906.75199999972,743684.6719999993,790763.0080000018,83923667.85740785,692962537.2876798,351900107.71865773,-1600421.3760000009,1990384.1279999998,222816.8960000004,940500476.0105035,1469932492.9146972,41018410.278912134,-249906.75199999972,743684.6719999993,790763.0080000018,83923667.85740785,692962537.2876798,351900107.71865773,42.94399999999996,62.65919999999994,31.231999999999996,42.94399999999996,104.43200000000002,81.008,97.60000000000002,94.67199999999991,149.32799999999997,54.90341211767707,0.005434516939238622,0.42076444444444444,61.55198222222185,3467.061513590705,1032528370983.8849,19133.632727411357,17160.067876294794,29454.03475011982,0.20070116541858432,0.26546471508323377,0.1309448875986263,4.849648787260803,4.168531947146477,8.120196774746825,0.0027003152200163784,0.0019826337037037426,0.004609930160878101,47155659601.096344,-1145262329.5340703,-571008224.2275889,0,STEPING
-500.33013333333355,785.2603199999986,282.2949866666666,115.65192754199032,111.30816612615946,174.48675669826585,570.2551111111113,998.9362065782399,-663.68,624.64,50.751999999999995,-577.7919999999999,722.24,121.024,-484.096,806.1759999999999,292.8,-413.824,858.88,421.63199999999995,-359.168,905.7280000000001,523.136,-0.4074853537063782,-0.5590061097917972,0.01994413518162557,-0.35526279731726396,0.2718203942932176,-1.0434042125697318,-1558078.5920000016,2195359.7440000013,221290.43200000003,863318836.2567716,1679012408.4756548,42012396.66278425,-224183.29599999957,599221.0560000013,787276.7360000004,78558531.20716797,557175891.972095,352284567.39225745,-1558078.5920000016,2195359.7440000013,221290.43200000003,863318836.2567716,1679012408.4756548,42012396.66278425,-224183.29599999957,599221.0560000013,787276.7360000004,78558531.20716797,557175891.972095,352284567.39225745,-1558078.5920000016,2195359.7440000013,221290.43200000003,863318836.2567716,1679012408.4756548,42012396.66278425,-224183.29599999957,599221.0560000013,787276.7360000004,78558531.20716797,557175891.972095,352284567.39225745,50.752000000000066,54.65599999999995,31.231999999999996,50.752000000000066,97.60000000000002,70.272,93.69599999999991,83.93599999999992,171.776,52.706963781451314,0.005430476795750161,0.3784711111111111,59.56636444444419,3669.9291487798655,1027565709733.2538,13375.36834417778,12389.507846368713,30445.628263079827,0.22925470028280528,0.29450348031190404,0.1374469214655672,4.321525387008522,3.6972286800342578,8.028085314479661,0.0026650368530258964,0.0017078427995265812,0.005220893121070265,48895589781.73078,-1134983860.1543193,-575877035.5298613,0,STEPING
-473.63219555555577,797.7119111111125,296.2094933333342,124.88029227482694,108.22314583534691,169.50140468984964,620.8140800000003,999.7647849537249,-644.16,644.16,70.27199999999999,-562.1759999999999,733.952,136.64,-464.57599999999996,815.936,292.8,-382.592,866.688,441.152,-312.32,917.44,527.04,-0.23556701496047572,-0.5177713709618169,0.052829530893425715,-0.4290115163266317,0.4110903537957169,-1.1763163612609773,-1326024.8320000004,1894412.0960000018,256434.2399999994,733856807.8622754,1440154372.747277,49125655.06457628,-362162.36800000106,924959.1039999983,802408.6400000022,123073200.23040016,847851013.8572823,367999206.04364955,-1326024.8320000004,1894412.0960000018,256434.2399999994,733856807.8622754,1440154372.747277,49125655.06457628,-362162.36800000106,924959.1039999983,802408.6400000022,123073200.23040016,847851013.8572823,367999206.04364955,-1326024.8320000004,1894412.0960000018,256434.2399999994,733856807.8622754,1440154372.747277,49125655.06457628,-362162.36800000106,924959.1039999983,802408.6400000022,123073200.23040016,847851013.8572823,367999206.04364955,42.94399999999996,50.75199999999995,23.423999999999992,42.94399999999996,89.79200000000003,66.368,97.59999999999997,81.98400000000004,156.16000000000003,52.443086231460796,0.005434981163108064,0.45872,59.520817777777346,4053.7144242429295,1030419701725.6635,15595.087398646201,11712.249294498766,28730.72619183218,0.21501677175501246,0.3088781255746907,0.1355849131358797,4.498461337854694,3.6232657066931853,8.12214196937424,0.003004282946764074,0.0017237769447450057,0.004533490557636168,50710696714.90623,-1096219550.6308432,-555563400.2387027,0,STEPING
-427.01735111111043,832.5420977777769,280.9676266666666,108.44131926910235,100.08872366175586,166.22738590193106,686.4923733333329,998.9662685146699,-581.696,710.528,62.464,-499.712,772.992,128.832,-413.824,843.2639999999999,292.8,-347.45599999999996,890.112,421.63199999999995,-296.704,949.0623999999997,507.52,-0.4220054323987502,-0.29021259968917407,-0.009199884618666904,-0.3434919983722744,0.7143135176526245,-1.1653428752851283,-1033564.479999997,1559152.1919999977,221813.56800000055,530495381.3032974,1207358363.0295098,39904780.34944004,-484177.98400000314,1371006.7199999965,781799.4239999991,160656027.0458888,1266421748.1625628,341550590.4762887,-1033564.479999997,1559152.1919999977,221813.56800000055,530495381.3032974,1207358363.0295098,39904780.34944004,-484177.98400000314,1371006.7199999965,781799.4239999991,160656027.0458888,1266421748.1625628,341550590.4762887,-1033564.479999997,1559152.1919999977,221813.56800000055,530495381.3032974,1207358363.0295098,39904780.34944004,-484177.98400000314,1371006.7199999965,781799.4239999991,160656027.0458888,1266421748.1625628,341550590.4762887,39.039999999999964,58.559999999999945,31.232,39.039999999999964,62.46399999999994,66.368,85.88799999999998,70.27199999999993,163.96800000000002,56.752901618674784,0.005430640220248269,0.5216177777777778,59.1737955555552,4532.343889084818,1033617336850.144,11759.519724823389,10017.75260423933,27631.54382378951,0.2386643089142346,0.3483764703687484,0.14008676604648532,4.177657829947245,3.197274535475073,7.821213034252536,0.003449935486156242,0.0017286335952170257,0.005086593650706004,52197940835.76137,-1188634729.1980052,-559977464.8412068,0,STEPING
-704.2501511111109,413.2373155555542,235.5565155555561,274.7553081643282,418.8284155734666,139.1979126446976,693.8817777777781,991.5356075323323,-1085.312,-117.12,70.27199999999999,-934.032,-42.943999999999996,132.736,-687.1039999999999,552.416,206.912,-448.96,816.912,320.128,-363.07199999999995,878.4,456.76800000000003,-0.1584043621351207,-0.15043026592310255,0.5962974931234133,-1.344567517126302,-1.714565013469389,-0.40183479947232303,-2326920.639999999,1082122.4319999989,348615.48799999745,1984019760.2385979,872193079.9964261,62760203.03872014,-199533.43999999992,382896.51200000045,489421.0560000031,69674487.365632,354357083.18515176,204061501.33350477,-2326920.639999999,1082122.4319999989,348615.48799999745,1984019760.2385979,872193079.9964261,62760203.03872014,-199533.43999999992,382896.51200000045,489421.0560000031,69674487.365632,354357083.18515176,204061501.33350477,-2326920.639999999,1082122.4319999989,348615.48799999745,1984019760.2385979,872193079.9964261,62760203.03872014,-199533.43999999992,382896.51200000045,489421.0560000031,69674487.365632,354357083.18515176,204061501.33350477,50.75199999999995,35.135999999999996,19.519999999999996,50.75199999999995,74.17600000000002,62.464,246.9280000000001,595.36,74.17600000000002,74.13002540801476,0.00539024521626709,0.4760711111111111,48.74577777777759,-438.986489055718,1024238356141.001,75490.47936447494,175417.24169178042,19376.058884640865,0.08874075542475021,0.0581809756877911,0.13163229608209995,11.704959221560426,20.365328957698804,9.426557192794904,0.0010400321050264474,0.0017149689575466213,0.004483353433906702,53846354543.43082,-1207468578.8819227,-550503436.3976728,3,FEEDING
-907.1616355555532,120.96543999999952,179.97223111111083,182.96566797893612,271.9974636681537,94.29559567883638,735.8888177777782,986.9905565621235,-1132.16,-124.928,85.88799999999999,-1038.464,-70.27199999999999,109.31200000000001,-913.5360000000001,11.712,156.16,-827.648,206.912,218.62400000000002,-644.16,640.256,327.936,0.7160131425548446,1.1340590854386035,1.0693452851708616,0.5174919654514709,0.006080306870749563,0.5412031207163981,-3247464.319999992,435475.5839999983,438630.0159999945,3076105880.346633,319014928.49868107,72686822.26073596,-17497.727999999996,0.0,203171.96799999953,6665258.098688001,0.0,74236884.41036792,-3247464.319999992,435475.5839999983,438630.0159999945,3076105880.346633,319014928.49868107,72686822.26073596,-17497.727999999996,0.0,203171.96799999953,6665258.098688001,0.0,74236884.41036792,-3247464.319999992,435475.5839999983,438630.0159999945,3076105880.346633,319014928.49868107,72686822.26073596,-17497.727999999996,0.0,203171.96799999953,6665258.098688001,0.0,74236884.41036792,35.13599999999997,27.328000000000003,15.616,35.13599999999997,54.656000000000006,23.42400000000002,124.92799999999988,81.984,46.847999999999985,91.09871029793428,0.005365537138146912,0.31015111111111116,41.914862222222084,-4130.084458457483,1022934877875.3096,33476.43565897829,73982.62024190862,8891.659364426587,0.13808520246599934,0.05499198871587081,0.15189952640181847,7.178144456108349,24.58150255930059,10.06983842967627,0.00074512272588375,0.002524381460133807,0.004968414886333382,55547925706.8175,-1134927132.129146,-470072214.94147325,3,FEEDING
-847.3122311111106,240.82149333333248,213.6192888888883,227.10186971637967,314.96160798659776,81.350530623366,661.5013511111107,985.4163772429127,-1093.12,-54.656000000000006,124.928,-1011.1360000000001,3.904,152.256,-897.92,93.696,195.2,-748.5919999999999,469.456,265.472,-464.57599999999996,780.8,331.8399999999999,0.8993038162081642,0.8305005932204671,0.8241837600356815,-0.05063852905521227,-0.7098418175458563,0.272136814101807,-2979435.1999999997,715119.1039999982,497053.3759999975,2746382183.9032297,432610241.38854367,94377465.49964845,-68878.27199999998,138096.19199999995,266709.56799999956,23057140.183040004,121491863.10553598,92266739.97824025,-2979435.1999999997,715119.1039999982,497053.3759999975,2746382183.9032297,432610241.38854367,94377465.49964845,-68878.27199999998,138096.19199999995,266709.56799999956,23057140.183040004,121491863.10553598,92266739.97824025,-2979435.1999999997,715119.1039999982,497053.3759999975,2746382183.9032297,432610241.38854367,94377465.49964845,-68878.27199999998,138096.19199999995,266709.56799999956,23057140.183040004,121491863.10553598,92266739.97824025,35.136000000000195,39.03999999999999,15.615999999999985,35.136000000000195,58.56,27.328000000000003,113.21600000000012,89.792,42.94399999999999,70.23154069206963,0.005356979490312109,0.4413688888888889,38.94239999999987,-2619.233229903901,990169557196.6661,51575.25922867548,99200.8145055033,6617.908832703209,0.09581391559086415,0.04892069397172787,0.16821429014199057,11.463455100291695,28.642269078094735,9.170619272897786,0.0006151343720094371,0.0015100496486592143,0.003582865607010066,57426030406.89054,-949821484.5393395,-402557535.83961815,3,FEEDING
-808.2115022222226,250.1661511111104,204.81902222222178,259.7209118732067,391.9605375826435,68.76088531085708,711.8846400000012,988.2353497415234,-1073.6,-124.928,124.928,-999.424,-70.27199999999999,156.16,-901.824,35.135999999999996,199.104,-612.928,679.296,245.952,-382.592,870.592,288.89599999999996,0.7885863494350163,0.6321321790930655,0.6261879103657574,-0.6038986588348365,-1.2845763188942176,0.9659005334122264,-2784672.4479999994,570136.2560000016,564237.3119999944,2554278087.1352396,480645570.342909,111605450.21132818,-118580.09600000008,308697.0880000009,161360.1279999997,37613126.35289601,278784367.1572483,53227233.943552025,-2784672.4479999994,570136.2560000016,564237.3119999944,2554278087.1352396,480645570.342909,111605450.21132818,-118580.09600000008,308697.0880000009,161360.1279999997,37613126.35289601,278784367.1572483,53227233.943552025,-2784672.4479999994,570136.2560000016,564237.3119999944,2554278087.1352396,480645570.342909,111605450.21132818,-118580.09600000008,308697.0880000009,161360.1279999997,37613126.35289601,278784367.1572483,53227233.943552025,39.04000000000019,23.424000000000007,19.52000000000001,39.04000000000019,54.656000000000006,31.232,97.60000000000002,105.40799999999999,42.94400000000002,63.6114385989498,0.005372304157333667,0.3882311111111111,39.71994666666654,-2391.9647740765035,995664675059.5776,67454.95206425,153633.0630220749,4728.05934873284,0.08749749502023245,0.04005946229290168,0.20346367403823012,12.844090393018108,34.15640511263651,7.267137512579056,0.0007163970462935565,0.001139951138237824,0.004191960005913494,59504971453.97022,-643225344.8099829,-275981065.08832973,3,FEEDING
-836.3235555555531,163.4507200000012,180.14465777777593,231.49591841435281,401.2554916612792,101.52832937020636,754.9707022222233,987.9223400077864,-1073.6,-226.43200000000002,66.368,-995.52,-152.256,124.928,-901.824,-42.943999999999996,175.68,-713.4560000000001,538.752,230.33599999999998,-448.96,839.36,308.80639999999966,0.8900255580408362,0.7135624302360956,0.012761335354062776,-0.08524138231514478,-1.0635174114429602,1.1673443916676467,-2931408.191999994,392402.7520000049,456260.4799999944,2684775786.6393642,499421285.29817605,86000176.84889618,-76990.784,179478.59199999998,187270.97599999967,25190178.84467202,161977623.36768013,66553223.49977602,-2931408.191999994,392402.7520000049,456260.4799999944,2684775786.6393642,499421285.29817605,86000176.84889618,-76990.784,179478.59199999998,187270.97599999967,25190178.84467202,161977623.36768013,66553223.49977602,-2931408.191999994,392402.7520000049,456260.4799999944,2684775786.6393642,499421285.29817605,86000176.84889618,-76990.784,179478.59199999998,187270.97599999967,25190178.84467202,161977623.36768013,66553223.49977602,50.75199999999995,35.13599999999997,46.848,50.75199999999995,74.17600000000002,58.56,93.69600000000003,109.31200000000001,50.75200000000001,67.70968140256367,0.005370602555084462,0.3491911111111111,42.35189333333324,-3407.327972709245,998247473653.8326,53590.36024250469,161005.9695883349,10308.001664705107,0.10343599496103964,0.0480329891596633,0.15344925433715234,10.888296493636973,29.068063424203235,9.096702810716534,0.0007612459128572007,0.001978675500533184,0.0056747496659655125,61547857866.93875,-355835514.2363426,-117631884.66772424,3,FEEDING
-850.3421688888865,135.55772444444534,84.32748444444458,212.94085575739447,407.2376413854087,157.09594184407317,818.4063644444458,987.3068715357398,-1085.312,-284.99199999999996,-105.40799999999999,-991.6160000000001,-206.912,-39.04,-897.92,-58.56,74.176,-736.8800000000001,538.752,179.584,-538.752,757.3760000000001,316.224,0.7772309812112224,0.5439250984599499,0.3039245308629483,0.26440174000068106,-1.2404834677546102,-0.3009307044796614,-3007497.15199999,368662.5280000025,123663.1040000004,2749003520.6430745,555988707.934206,48724338.60607994,-52961.66399999997,114215.42399999991,177698.36800000022,17029925.109759986,102811603.88608001,65105948.11084802,-3007497.15199999,368662.5280000025,123663.1040000004,2749003520.6430745,555988707.934206,48724338.60607994,-52961.66399999997,114215.42399999991,177698.36800000022,17029925.109759986,102811603.88608001,65105948.11084802,-3007497.15199999,368662.5280000025,123663.1040000004,2749003520.6430745,555988707.934206,48724338.60607994,-52961.66399999997,114215.42399999991,177698.36800000022,17029925.109759986,102811603.88608001,65105948.11084802,50.75199999999995,31.232000000000028,35.135999999999996,50.75199999999995,78.07999999999996,66.368,93.69600000000014,148.352,113.21600000000001,74.60880085132291,0.0053672567085389375,0.42076444444444444,48.165599999999955,-4454.414691439057,1009169643988.4795,45343.80805069148,165842.49656115074,24679.134943876423,0.12482541798371272,0.061062290108878044,0.11660819477760155,8.818683374292707,21.70523408012223,11.717245342293356,0.0009192060275638175,0.003356262739388819,0.010553061555796842,63590164072.59029,-112380776.57495967,-35726100.81149225,3,FEEDING
-888.7499377777749,67.73873777777798,54.993262222222334,182.87145883742892,369.30839337431513,135.66467302570422,866.8192177777811,986.7040215676512,-1104.8319999999999,-343.55199999999996,-105.40799999999999,-1011.1360000000001,-257.664,-46.848,-901.824,42.943999999999996,35.135999999999996,-808.128,261.568,157.136,-644.16,683.2,249.856,0.7610904448736258,0.628464225798764,0.09675139503800426,0.8022328989096397,-0.6518157686546839,-0.46013842378699454,-3178148.7999999905,193474.43200000064,130050.04799999969,2956543189.3975077,462969128.0916489,56163301.79379224,-21350.975999999995,42549.695999999996,60336.31999999998,7403131.088896002,37727511.67897601,18848400.31436799,-3178148.7999999905,193474.43200000064,130050.04799999969,2956543189.3975077,462969128.0916489,56163301.79379224,-21350.975999999995,42549.695999999996,60336.31999999998,7403131.088896002,37727511.67897601,18848400.31436799,-3178148.7999999905,193474.43200000064,130050.04799999969,2956543189.3975077,462969128.0916489,56163301.79379224,-21350.975999999995,42549.695999999996,60336.31999999998,7403131.088896002,37727511.67897601,18848400.31436799,42.94400000000019,35.13600000000008,31.232,42.94400000000019,85.88799999999998,58.55999999999999,109.31200000000013,300.608,81.984,88.59565201530805,0.005363979459459922,0.4608888888888889,45.326524444444296,-5365.65533990487,1022342277240.0797,33441.97045732946,136388.68941671788,18404.90350717124,0.1452532341996627,0.06086965466463959,0.1095447912296867,7.296371931160148,21.71006623222948,12.937675134649037,0.0008567528577154782,0.0035835256561373378,0.010303652815125958,65503428539.75757,25843219.40841395,-26384720.3682408,3,FEEDING
-847.5421333333311,161.6483733333333,146.22974222222186,232.13693002566873,383.6590774291655,141.94142563768338,806.5978488888913,988.1150579488693,-1104.8319999999999,-242.048,-23.424,-1015.04,-148.352,23.424,-894.0160000000001,1.952,124.928,-733.952,542.656,257.664,-491.904,753.472,347.45599999999996,0.8132212669609571,0.5213143810105569,0.4240579826984836,0.08392923289282184,-1.1474218734711543,-0.9088948207809584,-2997955.7759999917,486270.52800000075,221591.04000000068,2763490326.933502,537560233.6030688,40609122.66444823,-50135.168,90440.064,299261.1199999994,15313459.363839988,81860327.27654397,107420715.25785637,-2997955.7759999917,486270.52800000075,221591.04000000068,2763490326.933502,537560233.6030688,40609122.66444823,-50135.168,90440.064,299261.1199999994,15313459.363839988,81860327.27654397,107420715.25785637,-2997955.7759999917,486270.52800000075,221591.04000000068,2763490326.933502,537560233.6030688,40609122.66444823,-50135.168,90440.064,299261.1199999994,15313459.363839988,81860327.27654397,107420715.25785637,39.04000000000019,54.656000000000006,15.616,39.04000000000019,93.696,46.848,121.02399999999989,150.304,101.50399999999999,82.33965807036526,0.005371650219890553,0.3665422222222222,45.73861333333316,-3791.028048084544,1018183157206.0376,53887.554281742225,147194.2876937984,20147.368312058,0.11887989586032721,0.05680924058184849,0.11125946066900858,9.178650076830396,24.049514846069705,13.321584277693532,0.0009859566217573588,0.0027403835291200866,0.0060037271754846,67329236006.10042,110734315.54392038,-62601352.82745117,3,FEEDING
-788.6893333333345,309.82469333333205,157.80293333333364,244.3488327713658,413.30052819505374,119.10455443867609,677.1412088888883,989.1131869833305,-1085.312,-222.528,7.808,-987.712,-85.88799999999999,54.656000000000006,-827.648,288.89599999999996,152.256,-597.312,722.24,245.952,-417.728,843.2639999999999,316.224,0.33858427711646394,-0.010752762887854912,0.18585114086193094,-0.8320572189307462,-1.552224897287698,-0.6168832328191547,-2764617.6000000034,925224.5759999974,372394.7519999967,2430112213.6473618,789076556.4559408,72524930.06438409,-70119.74400000002,174403.39200000008,183441.1519999998,22420910.86233599,157669266.9112321,64698169.37676799,-2764617.6000000034,925224.5759999974,372394.7519999967,2430112213.6473618,789076556.4559408,72524930.06438409,-70119.74400000002,174403.39200000008,183441.1519999998,22420910.86233599,157669266.9112321,64698169.37676799,-2764617.6000000034,925224.5759999974,372394.7519999967,2430112213.6473618,789076556.4559408,72524930.06438409,-70119.74400000002,174403.39200000008,183441.1519999998,22420910.86233599,157669266.9112321,64698169.37676799,42.94400000000019,50.75199999999998,19.52,42.94400000000019,136.64,46.848000000000006,160.06399999999996,374.78399999999993,97.6,72.10963670500483,0.005377076308688934,0.41859555555555555,45.7852444444443,-2301.9405810474127,1012990723960.6887,59706.352076728894,170817.3266063104,14185.894888035557,0.11204433173842666,0.05061008673209093,0.1358905424777265,9.913454027586605,26.847380861067965,10.751828920684897,0.0010991977584640094,0.0016396374007049534,0.00670019362974704,69237604253.58339,240896174.27031,-23784258.316189066,3,FEEDING
-449.180142222218,842.4105422222191,157.26179555555433,133.81082291008119,149.2545509151969,78.42520887579157,591.4625066666681,990.5289290075785,-523.136,804.2239999999999,62.464,-452.86400000000003,858.88,101.50399999999999,-417.728,882.304,148.352,-390.4,901.824,210.81599999999997,-363.07199999999995,917.44,265.472,-3.0353350711109637,-4.045800060751198,0.04206076313185092,10.51457304692228,18.919406844197297,-0.2731370578910677,-1412580.4159999879,1201850.3039999981,490069.11999999254,719230955.9582654,984694835.6382892,87934409.089024,-178607.9999999997,1681499.6479999984,68483.968,61882385.20319993,1519092242.5794702,21106737.012736008,-1412580.4159999879,1201850.3039999981,490069.11999999254,719230955.9582654,984694835.6382892,87934409.089024,-178607.9999999997,1681499.6479999984,68483.968,61882385.20319993,1519092242.5794702,21106737.012736008,-1412580.4159999879,1201850.3039999981,490069.11999999254,719230955.9582654,984694835.6382892,87934409.089024,-178607.9999999997,1681499.6479999984,68483.968,61882385.20319993,1519092242.5794702,21106737.012736008,242.2431999999999,316.22399999999993,27.328000000000003,242.2431999999999,54.65600000000006,39.03999999999999,35.136000000000024,23.423999999999978,46.84800000000001,18.203816871082115,0.005384772650217886,0.31232,33.68609777777756,3549.40787916477,970711887199.0746,17905.336327873105,22276.920968897102,6150.513387211537,0.1356620858216981,0.10934131488154185,0.20499940285213689,10.480954875996035,14.456858158032661,8.038269640450471,0.0014998659271501342,0.0003638863836231391,0.008367460306144719,71091686627.40958,335855927.3631932,71610748.69544181,1,STANDING
-486.31694222222154,846.8231466666609,143.20197333333135,52.16670710014402,30.65088319366707,43.11344423901203,503.70817777777654,989.731227298028,-546.56,812.0319999999999,93.696,-515.328,831.552,121.024,-484.096,847.168,140.54399999999998,-452.86400000000003,866.688,167.872,-429.44,882.304,187.392,-0.3268424473306912,-0.8408169285426654,0.9513681452024585,1.5376429672342615,2.2537853508509906,6.030520864615957,-1694609.2799999977,2851977.407999989,503510.59199999267,840418543.4275888,2407674506.965011,76203473.75206482,-48639.935999999965,160091.32800000015,12016.511999999997,17839340.367872003,144817324.89625606,4312593.5144960005,-1694609.2799999977,2851977.407999989,503510.59199999267,840418543.4275888,2407674506.965011,76203473.75206482,-48639.935999999965,160091.32800000015,12016.511999999997,17839340.367872003,144817324.89625606,4312593.5144960005,-1694609.2799999977,2851977.407999989,503510.59199999267,840418543.4275888,2407674506.965011,76203473.75206482,-48639.935999999965,160091.32800000015,12016.511999999997,17839340.367872003,144817324.89625606,4312593.5144960005,27.328000000000088,15.615999999999872,19.519999999999996,27.328000000000088,19.520000000000095,27.328000000000003,31.23199999999997,15.615999999999985,19.519999999999982,6.648437059520713,0.005380436136439381,0.40558222222222223,23.21578666666654,3153.107984554387,959977486652.195,2721.365329672217,939.4766405518225,1858.7690741504,0.19538911944660287,0.3349957399880429,0.22729422750106185,8.150490336032101,4.9095241099362,7.124684068964487,0.00043417043237945483,0.0001467887121414276,0.004292622168042046,72831304392.9188,332887008.20632106,55744399.73188667,1,STANDING
-358.60625777777705,907.7938666666621,163.2641955555531,28.216695881933994,17.60855208584737,46.803607102368396,712.4518044444414,991.2306333885233,-390.79039999999986,886.2080000000001,105.40799999999999,-374.784,897.92,132.736,-359.168,909.632,160.064,-343.55199999999996,917.44,191.296,-327.936,929.1519999999999,226.43200000000002,0.2777858310588432,-0.587420822696316,0.20718573777536636,1.3250285892831046,2.5087911886025003,0.568958839471275,-117514.30399999974,373644.0320000005,581012.7999999911,48337105.031167954,327799020.44569653,101558821.65452883,-1144289.7279999957,2751105.8559999783,6453.311999999999,405978365.44000405,2512479936.2457814,2204748.582911999,-117514.30399999974,373644.0320000005,581012.7999999911,48337105.031167954,327799020.44569653,101558821.65452883,-1144289.7279999957,2751105.8559999783,6453.311999999999,405978365.44000405,2512479936.2457814,2204748.582911999,-117514.30399999974,373644.0320000005,581012.7999999911,48337105.031167954,327799020.44569653,101558821.65452883,-1144289.7279999957,2751105.8559999783,6453.311999999999,405978365.44000405,2512479936.2457814,2204748.582911999,11.321600000000103,7.808000000000106,15.615999999999985,11.321600000000103,11.711999999999875,27.328000000000003,15.615999999999985,11.711999999999989,27.328000000000003,7.827095790687046,0.0053885872975728355,0.4218488888888889,24.013937777777684,4689.58059948296,965982631742.8024,796.1819264935508,310.06110655999987,2190.5776377928696,0.3775316485038109,0.597718077183364,0.20828148190003193,4.13412133945914,2.70845843557513,7.907701810312377,0.0008767727433972767,0.0001343333338554383,0.0032936474331022353,74451390212.30782,281458807.31496024,24579719.547906894,1,STANDING
-384.17745777777674,886.5452622222197,187.72926222222114,77.66731570915783,52.81979320425373,73.32854946122141,690.0970666666647,991.4032707675478,-503.616,808.128,109.31200000000001,-409.92,866.688,136.64,-366.976,901.824,171.77599999999998,-327.936,921.3439999999999,222.528,-308.416,933.056,296.704,-1.21363259735206,-1.422167764880462,0.7459887509240615,0.9099994661582222,1.5671436652579311,0.3065224880131563,-546735.6799999989,829557.0559999999,506501.0559999953,265258992.01331297,680294008.0660478,90805015.91654441,-809096.1919999992,2297004.287999996,160177.2159999995,277061500.1006107,2102117343.5760882,52889229.49632014,-546735.6799999989,829557.0559999999,506501.0559999953,265258992.01331297,680294008.0660478,90805015.91654441,-809096.1919999992,2297004.287999996,160177.2159999995,277061500.1006107,2102117343.5760882,52889229.49632014,-546735.6799999989,829557.0559999999,506501.0559999953,265258992.01331297,680294008.0660478,90805015.91654441,-809096.1919999992,2297004.287999996,160177.2159999995,277061500.1006107,2102117343.5760882,52889229.49632014,62.464000000000055,42.944000000000074,15.616000000000014,62.464000000000055,58.559999999999945,27.327999999999975,42.94400000000002,35.13599999999997,35.135999999999996,8.191330560576208,0.005389525799225593,0.41100444444444445,24.616888888888784,4527.25328686718,966737605250.4218,6032.211929465996,2789.9305541401286,5377.076166086795,0.15181481319112106,0.20705833630423706,0.13491923992786795,10.09505762929652,7.670101033482052,11.965243003777672,0.0009047475795590873,0.00015160655688992167,0.002409020218864068,75971009696.79446,190269870.15192434,39957218.51186702,1,STANDING
-475.89976888888805,850.8561955555454,154.88143999999733,49.361736409039295,34.46224533598056,46.23328368511825,529.8378666666707,989.9895701017922,-534.8480000000001,812.0319999999999,109.31200000000001,-511.42400000000004,831.552,132.736,-484.096,851.072,152.256,-441.152,874.4960000000001,167.872,-409.92,894.0160000000001,191.296,0.4595646066698021,-0.5434354928697483,1.8555381848689603,-0.1988356195882952,1.097095457643639,6.0170825045356136,-1619172.2879999962,1943153.5359999985,512638.14399999066,788864779.7596351,1617925035.5814624,79262111.46137688,-78934.97599999991,1007259.3279999983,44365.055999999975,29211390.79168002,894943795.5317771,14628244.774912,-1619172.2879999962,1943153.5359999985,512638.14399999066,788864779.7596351,1617925035.5814624,79262111.46137688,-78934.97599999991,1007259.3279999983,44365.055999999975,29211390.79168002,894943795.5317771,14628244.774912,-1619172.2879999962,1943153.5359999985,512638.14399999066,788864779.7596351,1617925035.5814624,79262111.46137688,-78934.97599999991,1007259.3279999983,44365.055999999975,29211390.79168002,894943795.5317771,14628244.774912,11.907199999999875,15.615999999999872,15.616000000000014,11.907199999999875,19.520000000000095,23.423999999999978,27.32800000000003,19.519999999999982,19.52000000000001,7.957345903673529,0.005381840555051898,0.41317333333333334,25.33587555555542,3335.2755944610003,961188947871.887,2436.581021315476,1187.646353597314,2137.5165203086217,0.23471303831079826,0.3258102425329609,0.22797110836501863,6.5644501077161515,4.851759125497471,6.954884612485393,0.0005862149728369985,0.00017380879424740885,0.004250884507104337,77476414316.99242,95650486.33059913,42575217.13795787,1,STANDING
-482.88142222222103,850.20010666666,139.48449777777566,51.09939965904748,28.2612960178907,36.08836034551546,506.80318222222274,989.9880764587436,-530.944,819.84,97.6,-515.328,831.552,117.12,-491.904,847.168,136.64,-468.48,862.784,160.064,-421.63199999999995,886.2080000000001,187.392,1.660476426506705,0.897460857081458,0.687402547630662,3.4758997451483076,1.6201442836182816,1.224134921951384,-1669393.3439999963,2283242.687999992,497799.0399999928,825467565.9038801,1913842891.9111896,73470281.72800079,-65231.93599999998,675208.5119999999,4071.8720000000003,21956023.291903973,602621753.5692807,1184897.8554880002,-1669393.3439999963,2283242.687999992,497799.0399999928,825467565.9038801,1913842891.9111896,73470281.72800079,-65231.93599999998,675208.5119999999,4071.8720000000003,21956023.291903973,602621753.5692807,1184897.8554880002,-1669393.3439999963,2283242.687999992,497799.0399999928,825467565.9038801,1913842891.9111896,73470281.72800079,-65231.93599999998,675208.5119999999,4071.8720000000003,21956023.291903973,602621753.5692807,1184897.8554880002,11.711999999999989,11.711999999999989,11.712000000000003,11.711999999999989,11.711999999999989,19.52000000000001,23.423999999999978,15.615999999999985,19.519999999999982,7.909548077701074,0.005381832435220141,0.40883555555555556,25.438897777777633,3170.4244920440365,961176278538.4608,2611.148645515061,798.7008526108448,1302.369752427773,0.2309098952858193,0.4035937980026694,0.28700865079724414,6.713228130731853,3.9881123224698953,5.61456611577247,0.0005903081514129273,0.0001797341273516425,0.005166685940018474,79050705624.91965,22813054.354968607,74529783.51653607,1,STANDING
-531.6510577777817,821.6347555555553,132.04087111110923,39.962584054824134,25.694015151267823,33.47367718480114,422.02456888888656,989.1758178779871,-573.888,792.512,89.792,-558.2719999999999,804.2239999999999,105.40799999999999,-538.752,819.84,128.832,-515.328,835.456,156.16,-488.0,854.9760000000001,175.68,1.6728287947172418,0.982496174373128,0.275953660169368,4.5383832481603275,1.8559373650097362,-0.4332655328295658,-1900478.9120000147,2699272.448000002,475347.13599999325,1018524695.9083673,2205074348.6628046,66799003.34899263,-13464.895999999997,211374.27200000038,0.0,4774783.389695998,187031408.57036802,0.0,-1900478.9120000147,2699272.448000002,475347.13599999325,1018524695.9083673,2205074348.6628046,66799003.34899263,-13464.895999999997,211374.27200000038,0.0,4774783.389695998,187031408.57036802,0.0,-1900478.9120000147,2699272.448000002,475347.13599999325,1018524695.9083673,2205074348.6628046,66799003.34899263,-13464.895999999997,211374.27200000038,0.0,4774783.389695998,187031408.57036802,0.0,7.807999999999993,3.9039999999998827,7.808000000000007,7.807999999999993,11.711999999999989,15.615999999999985,19.519999999999982,15.6160000000001,23.424000000000007,7.017173216337799,0.0053774167865071505,0.39799111111111113,23.034684444444324,2563.834416524513,957872188582.4288,1597.008124338884,660.1824145935805,1120.4870642722765,0.25502251679072563,0.3840304205901904,0.2796105383203339,6.268452408575674,4.25466872492505,5.977193942213188,0.000365294883050678,0.00014404323760605246,0.004719827817322631,80759772164.88878,6545157.760152277,176407771.2254697,1,STANDING
-519.665777777781,828.4916977777768,125.48648888888697,61.95923770598032,35.11477857790546,38.77292728617179,434.3124088888879,989.2839847367081,-577.7919999999999,792.512,81.984,-558.2719999999999,808.128,97.6,-534.8480000000001,823.7439999999999,121.024,-495.80800000000005,847.168,144.44799999999998,-441.152,874.4960000000001,179.584,1.625696147960883,0.6776925840887265,0.7500548066617004,3.5590195354384804,1.268380750407025,1.296231924552715,-1810534.6560000104,2552599.1679999884,451751.35999999306,965292630.4993329,2090865546.3465137,62100715.622400634,-56397.18399999996,383169.792000001,0.0,19222861.750272,344046004.2895361,0.0,-1810534.6560000104,2552599.1679999884,451751.35999999306,965292630.4993329,2090865546.3465137,62100715.622400634,-56397.18399999996,383169.792000001,0.0,19222861.750272,344046004.2895361,0.0,-1810534.6560000104,2552599.1679999884,451751.35999999306,965292630.4993329,2090865546.3465137,62100715.622400634,-56397.18399999996,383169.792000001,0.0,19222861.750272,344046004.2895361,0.0,11.712000000000103,11.711999999999989,11.712000000000003,11.712000000000103,15.6160000000001,15.616,23.423999999999864,15.615999999999872,23.424000000000007,7.347205667231884,0.005378004809658663,0.3893155555555556,24.029119999999846,2657.6568279851026,958351456452.9368,3838.947137106173,1233.0476745753285,1503.3398903387654,0.1827619459908335,0.2991158746368486,0.25064112502792807,8.416311591389219,5.439140187677124,6.5386311006867945,0.0004680524088855144,0.00016039311687386074,0.005473276026039846,82538494105.2665,15748706.303500677,319967681.8771234,1,STANDING
-637.5741688888866,655.9836977777766,85.49543111111115,233.27292209729674,268.29132102571265,79.5829333080678,552.1752533333349,988.1400767037842,-940.864,300.608,-11.712,-921.3439999999999,335.744,19.52,-480.19199999999995,847.168,81.984,-441.152,878.4,144.44799999999998,-417.728,894.0160000000001,187.392,-0.421181328384147,-0.5314156834853748,0.3449463214869242,-1.7019525303353562,-1.4912050828043613,-0.4496026950819876,-2266845.887999991,1177348.7999999977,288817.9200000002,1648527857.9466174,758337690.9967297,43560736.55500794,-20304.704,1086256.7679999978,16779.392000000003,7636657.000448002,965044015.7839344,4956291.031040001,-2266845.887999991,1177348.7999999977,288817.9200000002,1648527857.9466174,758337690.9967297,43560736.55500794,-20304.704,1086256.7679999978,16779.392000000003,7636657.000448002,965044015.7839344,4956291.031040001,-2266845.887999991,1177348.7999999977,288817.9200000002,1648527857.9466174,758337690.9967297,43560736.55500794,-20304.704,1086256.7679999978,16779.392000000003,7636657.000448002,965044015.7839344,4956291.031040001,7.807999999999993,7.807999999999993,11.712,7.807999999999993,35.136000000000024,31.232,441.152,511.424,62.464,13.433479430329328,0.005371786228343481,0.38823111111111114,30.172497777777803,643.0398458467348,955964836521.3622,54416.25618381148,71980.232937722,6333.443273916366,0.0636608551965786,0.05370669603873731,0.16858084375906185,23.943578372411,29.31763206909403,9.569926777586053,0.00047838068088999465,0.00041328235355488183,0.01318953923036868,83948907674.87083,14449207.124757823,482277761.44619066,1,STANDING
-932.3489422222111,297.575893333334,-56.23169777777743,31.286440162845764,68.43140369357528,44.12971539870707,691.0047466666636,984.010351263785,-964.288,222.528,-109.31200000000001,-952.576,257.664,-85.88799999999999,-936.96,292.8,-54.656000000000006,-917.44,331.84,-30.256,-890.112,390.4,-3.904,1.176197548882937,0.42901090136488335,0.0532122206545643,3.4309128735236367,0.7114924004889316,0.6720265601974051,-3356456.19199996,1071273.2160000026,-202434.11199999874,3132912209.043404,335643369.4965791,18393968.21811185,0.0,0.0,0.0,0.0,0.0,0.0,-3356456.19199996,1071273.2160000026,-202434.11199999874,3132912209.043404,335643369.4965791,18393968.21811185,0.0,0.0,0.0,0.0,0.0,0.0,-3356456.19199996,1071273.2160000026,-202434.11199999874,3132912209.043404,335643369.4965791,18393968.21811185,0.0,0.0,0.0,0.0,0.0,0.0,7.807999999999993,31.427199999999942,23.423999999999978,7.807999999999993,35.135999999999996,23.42400000000002,15.615999999999985,35.136000000000024,31.231999999999985,12.161480585181126,0.005349335967729207,0.35244444444444445,29.574968888888765,-4520.420660624734,939419662284.1763,978.8413380633284,4682.857011473067,1947.431781170884,0.4557091780031314,0.19827654503024605,0.2933766205470732,3.327167265904749,7.694552349516682,5.18490064972047,0.00023351870732418986,0.0019740636740770154,0.03279593191239724,83289638676.80005,205304827.10069296,415561903.1787945,2,LAYING
-971.6990933333251,140.52773333333158,-64.40298666666588,8.428278501710778,18.5690893433146,12.131742379387315,895.5743466666584,984.1722667139895,-979.904,117.12,-78.08,-976.0,124.928,-74.176,-972.096,140.54399999999998,-62.464,-968.192,152.256,-54.656000000000006,-960.3839999999999,160.064,-50.751999999999995,0.36579096566760494,0.7447007242227125,-0.02880634235624042,3.570493728468745,2.582206545260089,0.10451320142328147,-3498116.73599997,505899.83999999374,-231850.75199999718,3399372589.907931,72334277.69344188,15461725.913088314,0.0,0.0,0.0,0.0,0.0,0.0,-3498116.73599997,505899.83999999374,-231850.75199999718,3399372589.907931,72334277.69344188,15461725.913088314,0.0,0.0,0.0,0.0,0.0,0.0,-3498116.73599997,505899.83999999374,-231850.75199999718,3399372589.907931,72334277.69344188,15461725.913088314,0.0,0.0,0.0,0.0,0.0,0.0,3.9039999999999964,3.9039999999999964,7.807999999999993,3.9039999999999964,7.807999999999993,3.9039999999999964,3.9039999999999964,15.615999999999985,11.712000000000003,6.038874019288083,0.005350216182190754,0.3199111111111111,21.332106666666643,-6082.300942915381,938541910940.8143,71.03587850240008,344.81107903999987,147.1791731598222,1.1588875995493189,0.4619319122372094,0.7361311573468222,1.448178666481915,3.6281087149365865,2.2899745414038306,0.00010100514285116837,0.003660793958657513,0.01856441011446393,82111842602.95854,410777414.62530977,362554614.075282,2,LAYING
-970.6081422222121,139.45630222222061,-74.30396444444301,13.726308851326166,35.08894897710033,19.691255982481785,905.4558044444386,984.2390628721217,-979.904,113.21600000000001,-93.696,-976.0,121.024,-89.792,-972.096,128.832,-81.984,-968.192,148.352,-58.56,-960.3839999999999,167.872,-46.848,3.437520874916379,2.749948575149486,1.3757188628626207,27.804517512260148,8.779494318316878,3.2264518821188997,-3494189.3119999636,502042.68799999426,-267494.2719999948,3392166878.289879,74445460.4513281,21271768.899583694,0.0,0.0,0.0,0.0,0.0,0.0,-3494189.3119999636,502042.68799999426,-267494.2719999948,3392166878.289879,74445460.4513281,21271768.899583694,0.0,0.0,0.0,0.0,0.0,0.0,-3494189.3119999636,502042.68799999426,-267494.2719999948,3392166878.289879,74445460.4513281,21271768.899583694,0.0,0.0,0.0,0.0,0.0,0.0,3.9039999999999964,0.0,3.9039999999999964,3.9039999999999964,7.807999999999993,3.9039999999999964,3.9039999999999964,7.807999999999993,7.808000000000007,6.987710560151835,0.005350579303463597,0.3307555555555555,22.017475555555635,-6160.819883015756,939181713624.1672,188.41155468199509,1231.2343403175505,387.74556216762466,0.7617154465658807,0.2603966909985897,0.4672175266502735,2.1107273849270203,6.3705623184767175,3.569691922420627,0.00011598390171840307,0.004036046394265265,0.014320679470993941,80631078193.3334,520164830.37782913,297012900.26131386,2,LAYING
-974.3364622222258,126.9385599999984,-53.20501333333259,10.34873941092535,22.932210130385986,13.531162063089779,900.6029155555501,984.3776200406577,-983.808,101.50399999999999,-66.368,-979.904,109.31200000000001,-62.464,-976.0,124.928,-54.656000000000006,-968.192,140.54399999999998,-46.848,-964.288,156.16,-35.135999999999996,0.5949823739880443,0.9619110225792145,0.9422115612337759,11.784802211573478,1.7530435394701982,3.0837257300112597,-3507611.264000013,456978.8159999942,-191538.0479999973,3417979096.8831754,59901423.39481675,10849916.846080318,0.0,0.0,0.0,0.0,0.0,0.0,-3507611.264000013,456978.8159999942,-191538.0479999973,3417979096.8831754,59901423.39481675,10849916.846080318,0.0,0.0,0.0,0.0,0.0,0.0,-3507611.264000013,456978.8159999942,-191538.0479999973,3417979096.8831754,59901423.39481675,10849916.846080318,0.0,0.0,0.0,0.0,0.0,0.0,3.9039999999999964,3.9039999999999964,3.9039999999999964,3.9039999999999964,7.808000000000021,3.9039999999999964,3.9039999999999964,15.615999999999985,7.807999999999993,6.72695203047009,0.005351332536236254,0.33184,21.99903999999995,-6121.52502915649,939497205900.9442,107.09640739523958,525.8862614641777,183.09234677760003,0.9761012686473529,0.4015465997419616,0.689596672749608,1.640555053087334,4.1973976043293115,2.447218196735796,0.0001074427575800209,0.0050946179685341245,0.02888127212451536,79184513772.72203,642556111.2861799,267201661.12713578,2,LAYING
-979.8009777777838,91.43276444444292,-34.50919111111073,8.773750371265645,19.721224695407123,9.59710149224053,922.8774044444357,984.910818713376,-991.6160000000001,66.368,-46.848,-983.808,81.984,-39.04,-979.904,93.696,-35.135999999999996,-976.0,101.50399999999999,-31.232,-968.192,109.31200000000001,-23.424,0.8205360135075822,1.0941905437742028,0.5586511390097914,6.327802161013414,5.783815747214776,5.173850831625467,-3527283.520000022,329157.9519999945,-124233.08799999864,3456312965.0995264,31495957.62278452,4618759.06150411,0.0,0.0,0.0,0.0,0.0,0.0,-3527283.520000022,329157.9519999945,-124233.08799999864,3456312965.0995264,31495957.62278452,4618759.06150411,0.0,0.0,0.0,0.0,0.0,0.0,-3527283.520000022,329157.9519999945,-124233.08799999864,3456312965.0995264,31495957.62278452,4618759.06150411,0.0,0.0,0.0,0.0,0.0,0.0,0.0,7.807999999999993,0.0,0.0,15.616,7.808,3.9039999999999964,11.712000000000003,3.9040000000000035,6.151812454750895,0.005354231142774534,0.3058133333333334,21.901440000000047,-6295.554331021617,941399803710.222,76.97869557728406,388.92670348673573,92.10435705236542,1.1265435717971473,0.4770430594186107,0.9560880887887047,1.473472592646374,3.4899418466769996,1.7629683371500011,0.00010172678673902345,0.0101137237424262,0.06560433468407227,77617638715.88379,706153858.3668137,237811395.81046242,2,LAYING
-981.6456177777878,70.53443555555495,-37.205119999999546,8.862344073946655,19.172236685526467,8.784906066849992,948.3163022222151,985.1074193585259,-991.6160000000001,50.751999999999995,-46.848,-987.712,58.56,-42.943999999999996,-979.904,66.368,-39.04,-976.0,78.08,-31.232,-972.096,97.6,-27.328000000000003,0.2559350835036211,1.8150053340841552,1.4987540664821803,3.523196387328232,5.279587149741975,7.652377396999944,-3533924.2240000363,253923.9679999978,-133938.43199999837,3469343976.1613035,19233652.531200472,5261023.903744134,0.0,0.0,0.0,0.0,0.0,0.0,-3533924.2240000363,253923.9679999978,-133938.43199999837,3469343976.1613035,19233652.531200472,5261023.903744134,0.0,0.0,0.0,0.0,0.0,0.0,-3533924.2240000363,253923.9679999978,-133938.43199999837,3469343976.1613035,19233652.531200472,5261023.903744134,0.0,0.0,0.0,0.0,0.0,0.0,3.9039999999998827,0.19519999999992876,3.9039999999999964,3.9039999999998827,7.808000000000007,3.9040000000000035,7.807999999999993,7.807999999999993,3.9039999999999964,6.411025790016187,0.005355299914968871,0.3003911111111111,22.099893333333405,-6494.914074515955,942178968136.4895,78.54114248501739,367.57465952584687,77.17457460337778,1.12383045728227,0.4826545238079734,1.0392148431090205,1.473719702885781,3.5055843590081532,1.6425213811463857,0.00010290425107372063,0.01602282182336859,0.05701596829517011,75778216443.93823,636664727.7401196,159602863.4037337,2,LAYING
-981.1608711111206,71.81299555555469,-50.38871111111021,7.792223393233437,12.68417879705012,7.579031245694261,959.7365866666556,985.1862796967779,-991.6160000000001,58.56,-58.56,-987.712,62.464,-54.656000000000006,-979.904,70.27199999999999,-50.751999999999995,-976.0,81.984,-46.848,-972.096,89.792,-42.943999999999996,-0.04665640061998149,0.5033033406634921,0.011865818219612757,2.065839302977162,-0.045091147084322714,-0.006545001642820125,-3532179.1360000344,258526.7839999969,-181399.35999999676,3465854545.4817486,19144781.000704642,9347270.119423933,0.0,0.0,0.0,0.0,0.0,0.0,-3532179.1360000344,258526.7839999969,-181399.35999999676,3465854545.4817486,19144781.000704642,9347270.119423933,0.0,0.0,0.0,0.0,0.0,0.0,-3532179.1360000344,258526.7839999969,-181399.35999999676,3465854545.4817486,19144781.000704642,9347270.119423933,0.0,0.0,0.0,0.0,0.0,0.0,0.0,3.9039999999999964,3.9039999999999964,0.0,3.9039999999999964,3.9039999999999964,7.807999999999993,7.807999999999993,3.9040000000000106,5.969001426138162,0.005355728620259745,0.30364444444444444,21.685635555555628,-6584.495736505684,942397368243.1782,60.71874541005442,160.8883917555358,57.4417146232099,1.2437367546022569,0.7305461758202224,1.16615499603065,1.3384561970916093,2.3359593201084037,1.4685589805861745,9.753292448602056e-05,0.01614178274510615,0.030077174056603012,73575464605.88432,358788751.24346495,52680175.096209265,2,LAYING
-977.8815111111151,102.80967111110944,-52.466506666665964,9.838808614014704,20.511726558636564,9.6044830408027,927.5383466666597,984.9338673770125,-987.712,81.984,-62.464,-983.808,89.792,-58.56,-979.904,101.50399999999999,-54.656000000000006,-972.096,113.21600000000001,-46.848,-968.192,121.024,-39.04,0.13539529878274378,1.4169597643129397,0.15819866989410053,2.5028367956717528,3.330154949721951,0.23645673601482464,-3520373.4400000144,370114.815999994,-188879.42399999747,3442856586.940402,39566013.84140863,10241929.498624057,0.0,0.0,0.0,0.0,0.0,0.0,-3520373.4400000144,370114.815999994,-188879.42399999747,3442856586.940402,39566013.84140863,10241929.498624057,0.0,0.0,0.0,0.0,0.0,0.0,-3520373.4400000144,370114.815999994,-188879.42399999747,3442856586.940402,39566013.84140863,10241929.498624057,0.0,0.0,0.0,0.0,0.0,0.0,3.90400000000011,7.807999999999993,3.9039999999999964,3.90400000000011,7.808000000000007,3.9039999999999964,3.9039999999999964,11.711999999999989,3.9039999999999964,7.119909509226436,0.005354356441299289,0.3144888888888889,22.800444444444423,-6332.107946657809,941606940022.4989,96.80215494320994,420.73092641627665,92.24609448106668,1.0858953565883886,0.4565139454207842,0.9920578859053234,1.4766382235719444,3.6306446639374155,1.715827051043284,0.00011932293015698305,0.007975768763183805,0.031902307924683286,71525853820.49495,178147130.01574358,1205407.766187076,2,LAYING
-828.4168711111095,401.26721777777686,26.118844444444512,200.36507844185337,282.08073096601527,115.0286962387223,582.5624711111111,987.4209809709768,-1065.792,85.88799999999999,-109.31200000000001,-979.904,170.8,-58.56,-870.592,292.8,23.424,-663.68,702.72,121.024,-534.8480000000001,804.2239999999999,179.584,0.405695918285742,0.2733209500964512,-0.04718988652332081,-0.7961525249645467,-1.3520994273666382,-0.587712515873374,-2966684.7359999944,1377866.047999998,90361.98400000029,2609550356.9592404,807550175.2688705,48966582.49318411,-12910.528,57248.25599999999,2787.456,4518426.136576001,50441109.176319994,865883.9633920001,-2966684.7359999944,1377866.047999998,90361.98400000029,2609550356.9592404,807550175.2688705,48966582.49318411,-12910.528,57248.25599999999,2787.456,4518426.136576001,50441109.176319994,865883.9633920001,-2966684.7359999944,1377866.047999998,90361.98400000029,2609550356.9592404,807550175.2688705,48966582.49318411,-12910.528,57248.25599999999,2787.456,4518426.136576001,50441109.176319994,865883.9633920001,43.13920000000007,46.84799999999999,39.03999999999999,43.13920000000007,84.91200000000002,50.75200000000001,109.31200000000001,122.0,81.98400000000001,57.14925187168476,0.00536787703708062,0.3155733333333333,40.662328888888766,-2748.760988579572,986272018618.7617,40146.16465901006,79569.53878232147,13231.600958380248,0.13154947327584118,0.06599438726157651,0.1358446247355534,9.960577010334747,20.93216330659345,11.298780924135748,0.0009561273549234504,0.0014400311375586086,0.01754409986912974,69898201885.54182,191288817.1488945,-52002086.898291625,3,FEEDING
-885.1495822222192,276.1982399999997,-20.21187555555507,171.47017809360358,258.4185678701301,159.2252319061763,695.2102222222248,986.0601232949655,-1089.2160000000001,19.52,-257.664,-1007.232,74.176,-101.50399999999999,-901.824,206.912,-23.424,-795.44,460.67199999999997,79.056,-628.544,698.816,187.392,0.5443354137279482,0.6635666415275482,0.014627871511194327,0.09662593846580325,-0.7010379471075141,0.0678998441868024,-3179437.1199999885,989913.8559999989,-102718.14399999825,2923877209.3460507,511164505.0552307,81072585.02758394,-7101.375999999998,4399.808000000001,28222.01599999999,2533288.2350079995,3871741.3416960007,11166949.380096,-3179437.1199999885,989913.8559999989,-102718.14399999825,2923877209.3460507,511164505.0552307,81072585.02758394,-7101.375999999998,4399.808000000001,28222.01599999999,2533288.2350079995,3871741.3416960007,11166949.380096,-3179437.1199999885,989913.8559999989,-102718.14399999825,2923877209.3460507,511164505.0552307,81072585.02758394,-7101.375999999998,4399.808000000001,28222.01599999999,2533288.2350079995,3871741.3416960007,11166949.380096,39.039999999999964,62.464,50.75200000000001,39.039999999999964,54.656000000000006,156.16,105.40800000000002,132.736,78.07999999999998,76.3079483049371,0.00536047906113053,0.31882666666666665,41.848711111111044,-4289.008618308553,1001817054011.9625,29402.02197545213,66780.15622004906,25352.674475575623,0.13940994777547291,0.06372834174120418,0.09421893503298515,7.395492085050256,20.916033566681868,14.97858234263168,0.0007027891981456492,0.0018953707635397652,0.008734006964197556,68449501634.42371,312040080.91391134,8068866.337962374,3,FEEDING
-853.8481777777802,303.6357688888881,-75.19537777777786,175.32738912419296,329.1720714851866,137.61310128108988,702.8002488888898,988.3650519015221,-1069.6960000000001,-89.792,-269.376,-991.6160000000001,-15.616,-195.2,-870.592,288.89599999999996,-70.27199999999999,-722.24,620.736,35.135999999999996,-601.2159999999999,733.952,101.50399999999999,0.22894165460507082,0.014249393539122062,0.01668759338785923,-0.7273774356228722,-1.3823739630575456,-0.9874518197883955,-3073853.440000009,1088727.9999999972,-270703.36000000034,2735267054.6575413,718172727.8489597,88530157.74003275,0.0,3497.984,0.0,0.0,3059033.980928,0.0,-3073853.440000009,1088727.9999999972,-270703.36000000034,2735267054.6575413,718172727.8489597,88530157.74003275,0.0,3497.984,0.0,0.0,3059033.980928,0.0,-3073853.440000009,1088727.9999999972,-270703.36000000034,2735267054.6575413,718172727.8489597,88530157.74003275,0.0,3497.984,0.0,0.0,3059033.980928,0.0,42.94399999999996,42.94399999999999,15.616000000000042,42.94399999999996,74.176,74.17599999999999,121.02400000000011,304.51199999999994,124.928,69.5562374798904,0.005373009251978924,0.43052444444444443,44.580426666666675,-4349.5140045300905,1003200209564.0319,30739.693377106174,108354.25264584881,18937.365644199504,0.14893306078673957,0.059144697056096464,0.12414606388908027,7.90537205438402,23.09934932296822,11.855408578805525,0.0008971547043457673,0.0018898043115235168,0.01186533351742812,66942760166.2476,414126053.49279004,118450599.03125605,3,FEEDING
-870.1809955555545,233.9493688888888,-76.12040888888914,173.19811827175124,343.6776250096553,150.49831368402448,790.0156088888896,988.9567300848769,-1089.2160000000001,-167.872,-265.472,-995.52,-97.6,-206.912,-878.4,167.872,-93.696,-749.568,539.728,46.848,-632.448,718.336,124.928,0.2715042203020438,0.22811957833623614,0.11081019885658888,-0.2611703579507245,-1.3819237391599695,-1.1413546501148886,-3129953.919999997,834850.88,-274033.47200000094,2833051953.0946684,615460984.4101126,102398612.65612766,-2318.976,7366.848,0.0,769833.8201600001,6786837.278720001,0.0,-3129953.919999997,834850.88,-274033.47200000094,2833051953.0946684,615460984.4101126,102398612.65612766,-2318.976,7366.848,0.0,769833.8201600001,6786837.278720001,0.0,-3129953.919999997,834850.88,-274033.47200000094,2833051953.0946684,615460984.4101126,102398612.65612766,-2318.976,7366.848,0.0,769833.8201600001,6786837.278720001,0.0,50.75199999999995,35.13599999999997,23.423999999999978,50.75199999999995,70.27200000000002,58.559999999999974,117.12,265.472,113.21600000000001,79.81574794192454,0.005376225768333115,0.33184,45.68222222222205,-5019.360803004467,1020240032287.4987,29997.588172875534,118114.30993227725,22649.742421735027,0.1581987152840247,0.05490682587786767,0.10225587127362473,6.699523178841228,24.378148858049897,13.662157423109601,0.0009534212983873879,0.0020599288915485892,0.0083239897757442,65477277050.80532,535104425.7363372,212221708.94970927,3,FEEDING
-580.0075200000007,741.9324266666623,37.09233777777779,177.8869546044236,231.96732967767525,137.5110071928519,413.1906844444445,993.2123103895223,-866.688,347.45599999999996,-128.832,-629.52,733.952,-66.368,-527.04,812.0319999999999,15.616,-460.67199999999997,862.784,144.44799999999998,-417.728,913.5360000000001,226.43200000000002,-1.4491797650913536,-1.796047483989364,0.16991816411596436,1.6086098516491791,2.606876001827726,-0.45935482224613455,-2054968.0000000026,2056916.095999992,94531.45599999982,1313420064.7803044,1590940554.100745,59871001.92768009,-28936.448000000008,575219.2640000002,36689.79199999999,10023812.456448004,550188434.5671679,12487737.917440003,-2054968.0000000026,2056916.095999992,94531.45599999982,1313420064.7803044,1590940554.100745,59871001.92768009,-28936.448000000008,575219.2640000002,36689.79199999999,10023812.456448004,550188434.5671679,12487737.917440003,-2054968.0000000026,2056916.095999992,94531.45599999982,1313420064.7803044,1590940554.100745,59871001.92768009,-28936.448000000008,575219.2640000002,36689.79199999999,10023812.456448004,550188434.5671679,12487737.917440003,140.54399999999998,206.91199999999998,35.135999999999996,140.54399999999998,386.49600000000004,62.464,102.48000000000002,78.07999999999993,81.984,56.84809324100155,0.005399360208695452,0.40558222222222223,60.23871999999968,1146.1653473148176,1011383609091.1157,31643.768618436265,53808.842037791284,18909.27709919257,0.1729649985105456,0.15156562049825414,0.19178942752852624,7.244160658211425,7.896289006085167,7.533998158710603,0.0025714273455480566,0.002045040752878563,0.03427886507806314,64024362418.48369,640542532.1393692,292112306.3561286,0,STEPING
-500.4320711111101,832.9129777777761,95.29013333333367,98.56445759036993,98.9293571091545,170.28382697257737,429.75991111111085,997.9103098033877,-636.352,710.528,-140.54399999999998,-566.08,776.8960000000001,-58.56,-488.0,839.36,121.024,-425.536,886.2080000000001,245.952,-386.496,949.0623999999997,300.60799999999995,-0.5300846734563431,-0.1318931557800527,-0.20799986757141223,-0.07155857934874543,0.6762147965378866,-1.2154658613598437,-1690264.1279999972,1658868.1600000015,213131.07200000007,896997153.1161656,1292312535.2243304,93180572.80716877,-98037.24800000004,1278638.0799999973,119993.3440000001,34513642.184704,1188024316.608514,40913825.054719985,-1690264.1279999972,1658868.1600000015,213131.07200000007,896997153.1161656,1292312535.2243304,93180572.80716877,-98037.24800000004,1278638.0799999973,119993.3440000001,34513642.184704,1188024316.608514,40913825.054719985,-1690264.1279999972,1658868.1600000015,213131.07200000007,896997153.1161656,1292312535.2243304,93180572.80716877,-98037.24800000004,1278638.0799999973,119993.3440000001,34513642.184704,1188024316.608514,40913825.054719985,42.944000000000074,50.75199999999995,39.04000000000002,42.944000000000074,66.36800000000005,81.98399999999998,78.08000000000004,62.46399999999994,179.584,56.277369345761464,0.005424899754299487,0.4207644444444445,64.98316444444393,2656.4287551938087,1029254006851.6887,9714.952300083833,9787.017698030617,28996.581728426667,0.3036071575959733,0.3690672132601276,0.13641695477330323,3.248827464479551,2.8075753670877814,7.96211383903421,0.003441328826178784,0.0018943382861569037,0.014167871200160111,62489098713.20183,605780557.8268865,286157597.81564397,0,STEPING
-492.2499377777777,831.9142044444435,125.25441777777827,118.82350484698124,95.47249121884029,169.51945716462728,474.3338311111104,998.8216236482087,-663.68,702.72,-113.21600000000001,-577.7919999999999,772.992,-27.328000000000003,-468.48,843.2639999999999,156.16,-398.208,890.112,273.28,-355.264,936.96,335.744,-0.5483627573152441,-0.25634192455211635,-0.26217442992502993,-0.44033662443112487,0.321320385168272,-1.1592083896245882,-1515255.6159999992,1882973.375999998,161937.92000000007,832584847.9866909,1488334630.424585,64121411.28089639,-237331.9679999995,1042524.1599999979,278999.3599999994,83094439.01849593,975016495.8248935,93044529.71315221,-1515255.6159999992,1882973.375999998,161937.92000000007,832584847.9866909,1488334630.424585,64121411.28089639,-237331.9679999995,1042524.1599999979,278999.3599999994,83094439.01849593,975016495.8248935,93044529.71315221,-1515255.6159999992,1882973.375999998,161937.92000000007,832584847.9866909,1488334630.424585,64121411.28089639,-237331.9679999995,1042524.1599999979,278999.3599999994,83094439.01849593,975016495.8248935,93044529.71315221,46.84800000000007,46.84800000000007,31.23199999999997,46.84800000000007,70.27199999999993,85.888,109.3119999999999,70.27199999999993,183.488,50.00367793942826,0.005429853893167757,0.34268444444444446,58.520959999999775,2941.198039740537,1022987061399.2158,14119.025304120572,9114.996579531537,28736.846357389906,0.23339605734768132,0.332843579738503,0.12525055714688216,4.024885697432945,3.260019139951551,8.604251276489753,0.002998499908030439,0.001439715520892989,0.010144968555886525,60941726052.80608,570254138.0217578,311798789.1024681,0,STEPING
-493.4330666666654,835.0298133333306,100.35448888888938,116.74138231134854,92.52969811601413,160.32085866988697,444.6168000000015,997.4287585237056,-663.68,710.528,-121.024,-569.984,784.704,-35.135999999999996,-476.288,847.168,117.12,-409.92,894.0160000000001,242.048,-351.36,940.8639999999999,296.704,-0.557412592608591,-0.4925816534693802,-0.22264175404586778,-0.20345422584958595,0.6281443181691624,-1.057381700721009,-1566191.1039999975,1886190.271999997,197093.44000000088,853237015.7322252,1500289657.3603907,75791046.44710425,-195777.79199999978,1053158.6559999953,153501.3759999997,66890679.26323198,982081287.1598042,49992240.12390396,-1566191.1039999975,1886190.271999997,197093.44000000088,853237015.7322252,1500289657.3603907,75791046.44710425,-195777.79199999978,1053158.6559999953,153501.3759999997,66890679.26323198,982081287.1598042,49992240.12390396,-1566191.1039999975,1886190.271999997,197093.44000000088,853237015.7322252,1500289657.3603907,75791046.44710425,-195777.79199999978,1053158.6559999953,153501.3759999997,66890679.26323198,982081287.1598042,49992240.12390396,50.752000000000066,50.75199999999995,42.94399999999999,50.752000000000066,74.17599999999993,85.888,93.69600000000003,62.464000000000055,152.256,47.24369343015157,0.005422281916410476,0.4402844444444444,56.281582222221985,2767.9621456402792,1013754236598.2614,13628.550343964444,8561.74503344071,25702.777724649874,0.2240281445227318,0.31761318517512116,0.12922665373916117,4.294318600642043,3.382507118897625,8.84185900745107,0.0026596712538440315,0.0012233044729431162,0.011995034219623352,59430442315.73406,593190060.7158699,371757033.71994454,0,STEPING
-695.2319111111088,558.856515555556,14.938222222223065,227.79906745170766,330.5532314148657,176.0425832821251,584.219502222221,992.3791489210753,-972.096,121.024,-183.488,-960.3839999999999,175.68,-109.31200000000001,-640.256,706.6239999999999,-70.27199999999999,-488.0,843.2639999999999,175.68,-417.728,890.112,277.184,-0.06913960756529329,-0.41798864053598794,0.5998800483055338,-1.5407969018546266,-1.5079934380099878,-0.8741444131037026,-2467429.5039999927,1461310.1440000033,-57552.7680000006,1914935702.3395762,1010166748.36072,73712678.02726431,-31325.696,498337.7920000006,105915.52000000002,10414597.234687999,462067183.4111997,37115043.41401599,-2467429.5039999927,1461310.1440000033,-57552.7680000006,1914935702.3395762,1010166748.36072,73712678.02726431,-31325.696,498337.7920000006,105915.52000000002,10414597.234687999,462067183.4111997,37115043.41401599,-2467429.5039999927,1461310.1440000033,-57552.7680000006,1914935702.3395762,1010166748.36072,73712678.02726431,-31325.696,498337.7920000006,105915.52000000002,10414597.234687999,462067183.4111997,37115043.41401599,7.807999999999993,78.08000000000001,15.616000000000014,7.807999999999993,54.656000000000006,74.17599999999999,320.12799999999993,530.944,39.04000000000002,37.77723859123388,0.0053948309264532516,0.4370311111111111,48.55491555555553,-978.8081696929149,989895139989.9779,51892.41513186765,109265.43879880976,30990.99112864395,0.1075431061779484,0.07687405356916568,0.11662752116330957,9.991175878348875,14.383478185408103,10.174923161879917,0.0011210009210476158,0.0015313321766472587,0.013501326695268075,58063571325.70592,691504267.8565269,385922792.63955736,0,STEPING
-951.7214577777693,89.09253333333311,-210.36270222222055,27.038587447806172,102.30825437197139,27.915000305375354,1072.9916266666696,984.6863087759084,-976.0,3.904,-249.856,-968.192,15.616,-226.43200000000002,-960.3839999999999,42.943999999999996,-206.912,-944.768,132.736,-195.2,-909.632,261.568,-183.488,1.1311249968634034,1.3638415933975936,-0.2493006626023954,2.2606694807971675,0.9027262414465618,0.7337259910896887,-3426197.2479999694,320733.1199999992,-757305.727999994,3263417346.2609534,66256050.27020814,162114169.4218228,0.0,0.0,0.0,0.0,0.0,0.0,-3426197.2479999694,320733.1199999992,-757305.727999994,3263417346.2609534,66256050.27020814,162114169.4218228,0.0,0.0,0.0,0.0,0.0,0.0,-3426197.2479999694,320733.1199999992,-757305.727999994,3263417346.2609534,66256050.27020814,162114169.4218228,0.0,0.0,0.0,0.0,0.0,0.0,7.807999999999993,3.904,7.807999999999993,7.807999999999993,11.712,23.423999999999978,7.808000000000106,27.327999999999996,19.52000000000001,12.412622034526022,0.005353010648414829,0.32533333333333336,28.14133333333332,-7490.032051020642,942087274767.1666,731.0852111726615,10466.978912640001,779.247242049106,0.5527667468512254,0.11245917678402241,0.41795643939280874,2.733989091679432,13.544305543109669,3.7998293884443464,0.00024635491494985243,0.007190666648570574,0.003022028542299938,56311165273.63627,655381973.1662793,363491965.40485734,2,LAYING
-946.505279999997,15.648533333334143,-236.12693333333755,36.75265252161989,121.32952824978574,60.74003827811328,1166.9836799999919,985.6187269245632,-968.192,-93.696,-277.5743999999999,-964.288,-85.88799999999999,-249.856,-956.48,-15.616,-210.81599999999997,-948.672,74.176,-199.104,-917.44,167.872,-195.2,2.765545501050594,1.1809667091956293,-2.278790119540406,8.042566203204899,1.0937157956902421,5.921631220077966,-3407419.007999989,56334.72000000291,-850056.9600000152,3230002809.12684,53876631.674878225,214003011.2235537,0.0,0.0,0.0,0.0,0.0,0.0,-3407419.007999989,56334.72000000291,-850056.9600000152,3230002809.12684,53876631.674878225,214003011.2235537,0.0,0.0,0.0,0.0,0.0,0.0,-3407419.007999989,56334.72000000291,-850056.9600000152,3230002809.12684,53876631.674878225,214003011.2235537,0.0,0.0,0.0,0.0,0.0,0.0,3.9039999999999964,3.9039999999999964,108.92160000000007,3.9039999999999964,7.808000000000007,27.718399999999917,7.807999999999993,70.27199999999999,39.04000000000002,8.467896323508763,0.005358079515762757,0.35461333333333334,24.630986666666423,-8240.419812139831,944805131916.5057,1350.757467374933,14720.854425315556,3689.3522500266663,0.32158927871198356,0.08254878877205697,0.18405925355786665,4.882002065788758,19.399925663579022,8.406539012127146,0.00015565373217984885,0.006701122794510782,0.002101976259362532,54394590187.24731,552923644.1439472,281577553.9412606,2,LAYING
-849.1785600000019,325.05246222222263,-351.22335999999564,51.60296138950167,117.98700395777927,66.43499728960934,875.3494577777831,985.2138826233551,-886.2080000000001,245.952,-394.30400000000003,-878.4,253.76,-382.592,-870.592,277.184,-370.88,-808.128,425.536,-355.264,-784.704,476.288,-253.76,0.4189361932372445,-0.41972033482198,1.9802165378852445,1.3753838340450004,1.2967960327184382,4.141086441957165,-3057042.8160000066,1170188.8640000015,-1264404.0959999843,2605561532.596211,430488130.67878896,459977246.9084203,0.0,0.0,0.0,0.0,0.0,0.0,-3057042.8160000066,1170188.8640000015,-1264404.0959999843,2605561532.596211,430488130.67878896,459977246.9084203,0.0,0.0,0.0,0.0,0.0,0.0,-3057042.8160000066,1170188.8640000015,-1264404.0959999843,2605561532.596211,430488130.67878896,459977246.9084203,0.0,0.0,0.0,0.0,0.0,0.0,35.135999999999854,7.807999999999993,23.423999999999978,35.135999999999854,7.807999999999993,11.712000000000046,7.807999999999993,23.424000000000035,11.711999999999989,12.519779271917791,0.005355878676941311,0.32967111111111114,27.702133333333222,-5942.362714932238,944848252120.8494,2662.8656241664003,13920.933102933019,4413.6088648704,0.28052702645439653,0.1241550806854645,0.2117943243731295,5.343232022208231,12.63097084485159,7.52373156131989,0.00028945635062109103,0.0017941583216200502,0.001549081164351312,52466084458.79176,445852764.6897437,200385095.9508852,2,LAYING
-760.1706133333358,491.29454222221995,-285.92787555555714,138.1248450128017,181.02145711609685,143.2280969123108,677.9773155555529,986.2484971363833,-878.4,339.648,-402.11199999999997,-827.648,394.30400000000003,-390.4,-804.2239999999999,409.92,-370.88,-788.6080000000001,472.384,-257.664,-503.616,847.168,-42.943999999999996,1.3565706613024975,1.3750732142198068,1.245088372676983,0.5960756667104965,0.2252797343530446,0.4555704445319253,-2736239.424000009,1594104.7039999908,-1029340.3520000057,2148835740.020729,831370260.24244,368168535.95340616,0.0,158955.26400000002,0.0,0.0,142009816.70297605,0.0,-2736239.424000009,1594104.7039999908,-1029340.3520000057,2148835740.020729,831370260.24244,368168535.95340616,0.0,158955.26400000002,0.0,0.0,142009816.70297605,0.0,-2736239.424000009,1594104.7039999908,-1029340.3520000057,2148835740.020729,831370260.24244,368168535.95340616,0.0,158955.26400000002,0.0,0.0,142009816.70297605,0.0,7.808000000000106,7.80800000000005,3.9039999999999964,7.808000000000106,54.656000000000006,11.711999999999989,23.424000000000092,15.615999999999985,19.519999999999982,12.595145545418212,0.005361503110282059,0.44895999999999997,27.750933333333307,-3733.900129353501,950145892408.7489,19078.47280981049,32768.76793643489,20514.287745122292,0.10798601947918299,0.07412619192340843,0.08633541793703518,13.0851072607058,20.334822718206187,17.50992144924286,0.00037260894925177015,0.0006566891266846945,0.0014948183095517065,50583992557.87231,362426930.63580006,152267575.70017555,2,LAYING
-497.029084444446,854.241831111106,-13.758346666666718,37.0330414279162,23.027872537966033,28.03368450742864,343.45439999999815,989.6669048850234,-542.656,827.648,-50.751999999999995,-523.136,839.36,-31.232,-499.712,851.072,-11.712,-472.384,870.592,3.904,-445.056,886.2080000000001,19.52,0.5366964191528041,0.46262224608821295,-0.5584705333024802,0.07866024700495222,1.020565747743122,0.6460586870812777,-1787528.3840000057,1724322.6240000038,-49530.048000000184,893641189.7651299,1445777527.9431858,3510646.452224113,-1401.536,1169724.2879999932,0.0,492032.17612799996,1027506877.9397225,0.0,-1787528.3840000057,1724322.6240000038,-49530.048000000184,893641189.7651299,1445777527.9431858,3510646.452224113,-1401.536,1169724.2879999932,0.0,492032.17612799996,1027506877.9397225,0.0,-1787528.3840000057,1724322.6240000038,-49530.048000000184,893641189.7651299,1445777527.9431858,3510646.452224113,-1401.536,1169724.2879999932,0.0,492032.17612799996,1027506877.9397225,0.0,7.808000000000106,7.807999999999993,15.616,7.808000000000106,11.711999999999989,19.519999999999996,23.423999999999978,11.711999999999989,19.52,10.22634079669586,0.005380086463087925,0.37088,30.228888888888775,2017.786469032758,960504717910.7095,1371.4461574017578,530.2829136248101,785.8874670620444,0.41417793553572146,0.5625423023966118,0.476723144390653,3.511273168167041,2.6886944028276565,3.1032420412173765,0.0009468136297395943,0.00022973131738005315,0.18309969219281147,48792037933.769646,321192503.6165105,106767781.29046689,1,STANDING
-464.3374222222204,870.9813155555502,-10.755519999999974,50.127123328544016,28.652038491186364,50.26457527869282,395.88837333333237,989.9700819051868,-519.232,835.456,-81.984,-491.904,854.9760000000001,-42.943999999999996,-468.48,870.592,-7.808,-437.24800000000005,886.2080000000001,23.424,-402.11199999999997,905.7280000000001,50.751999999999995,0.666701800478817,-0.06370320790167641,-0.23051301714812303,1.6547116779432889,0.6911978502874576,-0.06038914216357494,-1630396.2879999946,1216365.3759999953,-38719.87199999991,771710928.3225639,1027960654.6636947,9511951.458304046,-35046.208,1718095.7439999925,0.0,11287202.574335992,1531718797.492213,0.0,-1630396.2879999946,1216365.3759999953,-38719.87199999991,771710928.3225639,1027960654.6636947,9511951.458304046,-35046.208,1718095.7439999925,0.0,11287202.574335992,1531718797.492213,0.0,-1630396.2879999946,1216365.3759999953,-38719.87199999991,771710928.3225639,1027960654.6636947,9511951.458304046,-35046.208,1718095.7439999925,0.0,11287202.574335992,1531718797.492213,0.0,27.327999999999975,15.615999999999985,19.519999999999996,27.327999999999975,19.520000000000095,39.04,23.423999999999978,15.615999999999872,35.135999999999996,9.560395422993174,0.005381734612151056,0.38497777777777775,26.710951111111022,2390.728697170252,961379599289.8096,2512.7284931950617,820.9393097004249,2526.527527947377,0.24658532306371395,0.40834357074914696,0.21470729245666423,6.054501690992078,3.760437138623471,7.262139283851361,0.000700261354819971,0.00018020001142054638,0.0440686819613712,47045057417.64989,299220789.2711212,129220806.67876062,1,STANDING
-550.5431644444487,820.3648711111169,10.036533333333399,28.497530183112406,20.34859785388033,28.55499705324991,279.8582400000012,989.0223888935242,-581.696,796.416,-23.424,-573.888,804.2239999999999,-11.712,-558.2719999999999,815.936,7.808,-530.944,835.456,27.328000000000003,-507.52,851.072,46.848,0.49245829638344407,0.34111388523055675,0.49143881468680106,-0.6337020878939801,-0.564363686120263,0.33609480822872584,-1981955.3920000156,2953313.536000021,36131.52000000024,1094075586.5149512,2424285313.8759913,3298031.489024128,0.0,0.0,0.0,0.0,0.0,0.0,-1981955.3920000156,2953313.536000021,36131.52000000024,1094075586.5149512,2424285313.8759913,3298031.489024128,0.0,0.0,0.0,0.0,0.0,0.0,-1981955.3920000156,2953313.536000021,36131.52000000024,1094075586.5149512,2424285313.8759913,3298031.489024128,0.0,0.0,0.0,0.0,0.0,0.0,7.807999999999993,3.90400000000011,7.808,7.807999999999993,7.807999999999879,11.712,15.6160000000001,11.712000000000103,19.52,6.7460570524199746,0.005376582706678574,0.3871466666666667,22.603075555555495,1589.9343911871201,957237771147.1995,812.1092265374027,414.0654346189433,815.3878567111111,0.33656666164397464,0.4783720384326224,0.33455691153170575,4.820784134199982,3.4137882819599783,5.00475420016785,0.0003026161439381297,0.00014066917208468784,0.09959378711487184,45302950771.74339,279650379.7291,144076351.84289062,1,STANDING
-587.3839111111138,793.9510577777829,-8.756888888888945,23.153982831299214,17.633649262481583,25.129242528816874,197.8102577777761,988.3581400514531,-612.928,772.992,-39.04,-601.216,780.8,-27.328000000000003,-589.504,792.512,-11.712,-577.7919999999999,804.2239999999999,7.808,-562.1759999999999,815.936,23.424,1.6942747834128167,1.0186447786302955,0.3227073576046885,5.727653034487744,2.5310289868745324,-0.07311621203910468,-2114582.0800000094,2858223.8080000184,-31524.800000000203,1244001477.4313216,2270409219.8379345,2549382.959103986,0.0,0.0,0.0,0.0,0.0,0.0,-2114582.0800000094,2858223.8080000184,-31524.800000000203,1244001477.4313216,2270409219.8379345,2549382.959103986,0.0,0.0,0.0,0.0,0.0,0.0,-2114582.0800000094,2858223.8080000184,-31524.800000000203,1244001477.4313216,2270409219.8379345,2549382.959103986,0.0,0.0,0.0,0.0,0.0,0.0,3.9039999999999964,3.9039999999998827,7.808,3.9039999999999964,7.807999999999993,11.711999999999996,11.711999999999989,11.711999999999989,15.616000000000003,6.96703552111446,0.005372971677365896,0.39148444444444447,22.682239999999954,1057.7028130635654,954717642649.7847,536.1069209520988,310.94558631221724,631.4788300720987,0.4248030196665256,0.5771948156491139,0.3644399939542704,3.906300738181533,2.856544220345606,4.610972148588942,0.0002798916125396881,0.0001642129632554128,0.11840209482928696,43972368353.902725,411519069.4696219,166578917.36795515,1,STANDING
